,precision,recall,f1-score,support
0,0.9387755102040817,0.92,0.9292929292929293,100.0
1,0.8421052631578947,0.8,0.8205128205128205,100.0
2,0.71,0.71,0.7100000000000001,100.0
3,0.794392523364486,0.85,0.8212560386473431,100.0
accuracy,0.82,0.82,0.82,0.82
macro avg,0.8213183241816155,0.8200000000000001,0.8202654471132732,400.0
weighted avg,0.8213183241816155,0.82,0.8202654471132732,400.0
